{"info":"interfaceZ units is (um), dimensions are y(um),x(um). p(1)+p(2)*x+p(3)*y+p(4)*x^2+p(5)*y^2+p(6)*x*y","p":[8.1161600176156658E-12,-1.0563190992436465E-8,4.8394277096518192E-6,-0.0015600088163729064,0.390097225384986,344.31724025832852,-1.6245886494619181E-12,2.8516584736127991E-9,-1.7062264307529985E-6,-7.351931100016655E-5,0.21062903973249086,355.95554943346843],"xPeak":388,"xPeakI":231,"yPeak":387,"yPeakI":198}